time,open,high,low,close,volume
0,98.21,98.62,97.11,97.22,4691
1,98.72,99.28,98.09,98.43,1212
2,97.07,97.4,96.43,96.68,1006
3,98.3,99.83,97.92,98.96,1027
4,98.22,99.12,98.0,98.09,1582
5,96.6,97.87,96.17,97.57,2953
6,96.64,98.22,96.29,97.45,4282
7,97.38,98.79,96.81,98.15,4934
8,97.41,98.18,96.65,97.17,3805
9,97.32,98.63,96.49,98.03,3132
10,98.71,98.74,97.65,98.4,1743
11,99.31,99.8,98.04,98.31,2371
12,97.65,97.73,96.94,97.39,3347
13,98.51,99.09,96.52,97.35,2488
14,95.4,95.63,94.51,95.04,3964
15,96.34,96.63,94.79,95.28,4130
16,95.8,96.29,94.99,95.16,3197
17,94.94,95.59,94.81,95.54,1791
18,93.63,95.03,92.67,94.35,3597
19,94.03,94.09,92.73,93.09,1363
20,91.42,93.17,91.04,92.37,3238
21,93.15,94.14,92.66,92.92,2935
22,91.05,91.61,91.03,91.2,3605
23,93.08,94.42,92.36,94.0,3781
24,92.58,93.73,91.75,92.98,3570
25,91.21,91.79,91.06,91.26,3686
26,92.35,93.18,91.48,91.84,3191
27,93.74,94.41,92.94,93.78,2582
28,93.51,94.55,93.49,94.09,2842
29,95.58,97.13,94.91,96.15,2244
30,95.87,96.69,95.54,96.53,3116
31,96.59,97.09,95.17,95.72,2511
32,94.62,94.88,93.69,94.78,1996
33,93.6,94.0,92.23,93.17,1329
34,94.99,95.77,94.1,95.01,1070
35,93.78,94.02,93.47,93.94,2397
36,94.16,95.05,92.34,93.28,1554
37,94.42,95.15,93.61,94.38,2052
38,95.24,96.89,94.9,96.03,4745
39,94.92,95.05,94.29,94.93,4679
40,96.1,97.31,95.76,96.34,3394
41,94.83,95.69,93.4,93.76,3740
42,95.18,95.4,94.29,94.74,4323
43,95.75,96.7,94.78,96.52,1255
44,97.89,98.16,96.67,97.59,4507
45,97.83,98.75,97.39,97.51,2087
46,97.52,97.83,97.14,97.78,3400
47,97.33,97.9,95.42,96.39,2329
48,95.36,96.2,94.66,95.23,2409
49,94.22,95.18,93.31,94.68,2126
50,94.03,94.15,92.52,92.94,3033
51,93.88,93.92,92.83,93.82,1579
52,93.13,94.07,92.22,92.81,1131
53,92.67,94.51,91.89,93.63,2182
54,94.45,95.43,93.72,95.41,1932
55,96.16,96.42,94.95,95.11,2704
56,94.55,94.56,92.78,93.45,1811
57,91.64,92.46,90.71,91.7,4439
58,90.47,91.35,90.25,90.47,3161
59,88.84,89.38,88.42,88.7,1799
60,88.79,90.43,88.39,89.8,4267
61,90.96,91.53,89.27,90.03,2785
62,90.1,90.23,88.34,89.27,1988
63,91.16,91.37,90.14,90.55,1105
64,88.59,89.51,88.55,88.96,4856
65,87.95,89.73,87.25,88.88,4797
66,87.62,88.29,85.87,86.69,1868
67,86.75,88.14,86.29,87.35,2696
68,86.24,87.06,85.68,86.63,2597
69,84.94,86.78,84.65,85.91,2948
70,86.83,87.95,86.37,87.82,4531
71,87.23,87.95,86.88,87.51,2485
72,86.36,87.52,85.53,87.41,4084
73,85.79,86.92,85.01,86.19,1843
74,88.02,88.15,86.78,87.25,4487
75,88.7,89.5,87.56,87.89,1402
76,86.48,87.42,85.72,86.38,1244
77,84.6,85.3,83.54,83.68,1168
78,83.11,85.03,82.3,84.21,1963
79,85.35,85.49,84.29,84.97,2194
80,84.28,85.06,83.22,84.04,1237
81,84.24,84.49,83.07,83.3,3282
82,84.47,85.76,83.71,85.16,4520
83,86.67,87.69,85.69,86.77,3274
84,86.24,87.39,85.37,86.55,3468
85,85.7,86.55,84.46,85.26,3074
86,86.29,86.72,85.57,86.64,3498
87,85.95,87.54,84.99,86.81,3187
88,85.61,86.0,85.4,85.93,2467
89,85.64,86.29,85.04,85.59,3230
90,84.25,84.98,82.35,83.11,4690
91,83.61,83.8,82.62,82.8,1558
92,84.8,85.32,83.91,85.05,1301
93,84.49,85.85,84.24,85.49,1379
94,85.97,86.57,85.85,86.02,3191
95,84.5,85.79,83.7,85.5,4548
96,86.55,87.37,86.32,86.93,1383
97,88.29,89.51,87.85,88.57,2590
98,89.84,91.13,89.17,90.77,4359
99,92.38,92.8,91.87,92.11,1017
100,93.34,94.19,92.28,92.46,2092
101,92.14,93.2,91.84,92.81,4578
102,90.9,91.99,90.33,91.6,3613
103,92.3,93.69,91.99,92.81,3242
104,93.95,93.97,93.42,93.56,2166
105,95.08,95.3,94.32,94.36,1268
106,95.83,96.7,95.16,96.55,3252
107,95.44,96.68,94.47,96.23,2641
108,96.51,97.7,95.97,97.27,2495
109,95.57,96.58,95.13,96.36,4845
110,96.5,96.53,95.37,96.05,1639
111,97.47,98.51,97.42,97.53,2686
112,98.72,100.25,98.39,99.64,1747
113,100.21,100.64,99.3,99.98,1357
114,98.16,98.96,97.18,97.32,3891
115,97.97,98.48,96.78,97.49,2161
116,97.13,97.66,95.72,96.38,3251
117,94.74,95.6,94.16,95.59,3905
118,94.17,95.74,93.57,94.79,2859
119,96.43,97.23,95.27,95.82,1120
120,95.31,96.52,94.66,96.05,2164
121,97.38,99.01,96.73,98.02,4976
122,97.37,97.75,95.99,96.58,3010
123,97.79,99.06,96.88,98.4,3692
124,98.87,99.25,98.09,98.22,3783
125,99.08,100.2,98.55,99.71,1949
126,101.23,102.43,100.91,101.94,3476
127,102.46,103.37,101.5,102.26,4973
128,101.33,101.93,101.23,101.75,3919
129,103.12,104.29,102.97,103.57,4822
130,101.74,102.39,100.2,100.89,2635
131,101.87,102.43,100.85,101.1,4902
132,101.71,102.85,101.04,102.37,2927
133,100.99,101.67,99.99,100.63,1920
134,98.9,100.37,98.5,99.49,1193
135,100.04,101.61,99.06,100.92,2816
136,100.77,101.48,99.49,99.84,2312
137,100.95,102.63,100.28,102.08,3302
138,101.99,103.22,101.64,102.63,1956
139,100.76,101.21,99.05,99.87,4426
140,99.74,100.09,98.79,100.08,4805
141,98.58,100.02,98.26,99.67,1292
142,99.05,99.88,98.92,99.76,3118
143,97.8,98.22,97.06,97.76,1262
144,98.96,99.19,97.5,98.2,4019
145,98.15,98.51,96.96,97.9,1419
146,96.69,96.81,95.53,95.7,1337
147,97.16,97.81,96.06,96.98,4805
148,97.9,99.69,97.48,98.98,1384
149,100.72,102.19,99.89,101.79,3996
150,101.12,101.46,100.58,100.76,1110
151,100.54,100.57,100.33,100.54,2175
152,99.8,100.12,98.82,99.29,1927
153,99.43,100.92,98.59,100.31,1851
154,99.63,100.67,98.78,100.11,4729
155,101.22,101.7,100.16,100.49,3565
156,100.28,101.28,99.56,101.01,2201
157,99.33,99.8,98.98,99.08,4569
158,99.52,100.08,98.48,99.09,1529
159,98.02,98.72,96.17,96.96,2819
160,97.67,97.91,96.83,97.12,4721
161,97.21,98.6,96.47,98.19,1339
162,98.52,99.0,97.82,98.63,4839
163,97.17,97.87,96.25,96.38,4951
164,98.24,98.4,97.32,97.77,3526
165,96.7,97.76,96.11,97.46,1201
166,98.46,99.38,97.81,98.0,2832
167,96.11,96.44,94.62,95.29,1660
168,94.59,94.63,93.42,93.63,1715
169,95.28,95.38,94.57,95.13,1207
170,95.55,95.65,94.03,94.92,1972
171,95.61,96.37,94.24,94.82,4022
172,94.42,94.9,92.84,93.27,3971
173,93.68,94.81,93.45,94.67,4047
174,95.36,95.5,94.54,95.22,3876
175,96.99,97.52,96.03,96.27,4670
176,97.24,97.87,95.57,96.27,3043
177,97.15,98.12,96.92,97.45,3612
178,98.65,99.79,97.94,99.36,4552
179,97.67,98.23,96.85,97.11,4954
180,95.72,95.91,94.35,95.01,4669
181,93.37,94.38,93.3,93.4,2904
182,92.7,93.24,91.57,91.67,2846
183,92.22,92.55,90.92,91.36,4065
184,92.28,93.24,91.79,93.13,2436
185,92.62,93.59,90.76,91.72,3876
186,90.73,91.0,90.72,90.91,3923
187,90.3,91.55,90.15,91.1,1984
188,89.82,90.45,89.36,90.24,1588
189,91.5,92.17,90.7,91.92,2523
190,91.43,92.01,90.02,90.85,4982
191,91.93,92.44,91.27,92.01,3895
192,93.69,95.08,93.09,94.85,1633
193,96.71,97.51,95.72,96.33,4971
194,97.18,97.88,96.19,97.54,1221
195,96.49,97.29,95.73,95.91,1746
196,96.59,97.12,96.06,96.96,1708
197,97.54,98.77,97.48,98.22,3307
198,97.9,99.73,97.57,99.03,1553
199,97.33,98.35,96.68,97.91,4658
200,96.28,97.24,95.68,95.96,4136
201,95.79,96.99,95.73,96.37,1607
202,96.23,96.33,95.56,96.06,4725
203,97.49,99.21,97.12,98.3,4461
204,96.83,96.85,95.13,96.09,1296
205,96.13,96.68,95.63,96.14,3613
206,97.87,98.26,96.82,97.45,1814
207,97.51,97.71,96.16,96.83,3116
208,98.35,98.96,97.49,98.66,2175
209,97.21,98.29,96.96,97.97,1315
210,99.77,101.05,99.66,100.09,2794
211,101.51,102.04,100.9,102.02,4473
212,102.28,103.02,101.55,102.63,4069
213,101.99,102.62,100.22,101.04,4962
214,102.48,102.89,101.57,102.01,3562
215,101.25,101.75,100.77,101.46,3872
216,102.53,103.15,101.57,101.94,3393
217,101.41,101.93,100.66,101.3,1590
218,101.86,103.11,101.47,102.44,3019
219,103.02,103.04,101.67,102.32,1701
220,103.81,104.06,102.78,102.91,3384
221,102.97,103.16,102.67,102.68,4025
222,104.56,105.49,103.66,104.78,4915
223,106.42,106.47,105.1,105.6,2382
224,104.42,104.98,103.25,104.16,3201
225,106.06,106.79,105.1,106.41,1741
226,107.77,108.1,107.23,107.59,3966
227,107.92,108.54,107.49,108.36,2399
228,109.47,111.34,109.45,110.63,1075
229,111.13,112.0,110.96,111.6,4898
230,109.98,110.17,109.33,109.58,1777
231,110.59,110.63,109.94,110.45,2953
232,109.77,109.93,107.95,108.9,4038
233,108.82,110.61,108.7,109.98,1446
234,109.83,110.56,108.96,110.21,4586
235,108.5,110.08,108.27,109.5,3276
236,108.06,108.22,106.52,107.39,2088
237,108.46,108.7,107.99,108.0,2053
238,107.49,108.37,106.92,107.16,4755
239,106.41,107.84,105.7,107.13,1323
240,108.22,109.33,107.71,108.68,2004
241,108.15,108.62,107.14,107.76,3276
242,107.5,108.29,106.34,106.4,1442
243,104.8,105.0,103.9,104.74,3168
244,105.61,106.16,103.77,104.43,4940
245,103.82,104.92,103.12,104.79,4604
246,105.06,105.93,104.36,105.35,4502
247,104.39,106.29,104.37,105.43,1368
248,104.53,104.79,103.86,104.53,4280
249,105.2,105.32,104.14,104.81,4207
250,106.77,107.6,106.18,107.06,2267
251,107.2,107.67,106.7,107.34,3632
252,108.82,109.29,108.62,109.0,1918
253,110.14,110.21,109.56,110.03,4545
254,109.02,109.72,108.46,108.77,3197
255,109.8,110.83,109.13,109.88,3253
256,110.25,111.53,110.14,110.81,3797
257,109.32,109.74,108.3,109.27,2888
258,110.16,111.04,109.11,109.25,2015
259,107.59,108.7,106.66,107.86,2383
260,106.41,107.87,106.33,107.43,4748
261,109.35,109.56,108.82,109.51,2519
262,109.21,110.01,108.35,109.97,1915
263,109.15,109.77,109.08,109.56,1892
264,111.05,111.91,109.95,110.25,2284
265,108.99,109.35,107.75,107.98,4895
266,108.9,109.06,108.49,108.78,3528
267,106.81,107.77,106.64,107.33,2213
268,106.58,108.01,105.85,107.23,1966
269,109.14,110.29,108.28,110.06,2492
270,109.23,111.24,108.81,110.36,4453
271,111.34,112.71,111.15,112.14,2883
272,113.45,114.01,112.18,112.31,1729
273,114.16,114.83,113.62,114.29,3122
274,112.31,113.47,111.37,113.22,3739
275,114.51,116.47,113.99,115.63,1744
276,116.4,117.39,115.56,117.3,3479
277,116.33,117.65,115.7,117.27,4045
278,117.29,117.47,115.93,116.13,2197
279,117.28,117.68,117.14,117.28,3498
280,117.26,118.95,116.54,118.41,4428
281,116.98,117.21,115.47,116.05,3874
282,115.35,115.56,113.66,114.33,1094
283,113.15,114.11,112.74,113.15,4132
284,114.55,115.95,113.73,115.05,4868
285,116.87,117.07,116.37,116.76,3325
286,116.96,117.07,116.48,116.67,1180
287,115.54,116.85,114.73,116.21,3174
288,117.91,118.17,116.91,117.2,3698
289,118.18,118.29,117.12,117.43,2067
290,117.17,117.5,115.78,116.17,4977
291,117.45,118.66,116.88,117.81,4916
292,117.68,118.81,117.53,118.32,4032
293,119.42,121.4,118.75,120.48,2486
294,119.31,120.58,118.48,119.87,4715
295,119.5,120.15,117.78,118.72,1908
296,117.96,118.71,117.06,117.64,2262
297,117.78,118.83,117.23,117.83,2233
298,116.98,117.63,116.17,116.71,2464
299,117.63,119.6,117.09,118.69,1177
300,118.82,120.73,118.14,119.78,2882
301,119.86,120.12,118.63,118.96,2701
302,118.05,118.24,116.49,117.29,4827
303,117.6,118.99,117.43,118.74,2107
304,118.4,119.38,118.12,118.4,3933
305,116.53,117.42,116.11,116.48,2457
306,115.96,117.82,115.1,116.84,4977
307,117.77,118.45,115.95,116.85,1730
308,118.48,118.67,117.36,118.06,4741
309,118.73,119.59,118.02,119.11,4072
310,120.55,121.69,119.64,121.46,3815
311,121.43,122.57,121.01,121.71,2456
312,122.74,122.79,122.09,122.71,1414
313,124.3,124.96,124.01,124.43,4755
314,126.08,126.37,124.92,125.05,4929
315,125.02,125.7,123.81,124.17,1280
316,124.69,125.3,124.62,125.09,1453
317,126.95,127.78,126.24,127.34,4920
318,128.14,129.07,128.08,128.18,1875
319,128.27,128.92,127.5,127.5,4898
320,127.69,127.81,126.53,126.87,3200
321,127.78,129.22,127.4,128.75,1754
322,128.03,128.96,126.31,127.17,1506
323,128.42,128.75,127.79,128.69,3195
324,126.96,127.69,126.6,127.08,3776
325,128.61,129.93,128.2,129.11,1222
326,127.32,127.48,125.41,126.27,4150
327,127.64,128.15,126.03,126.89,1336
328,128.42,129.07,127.64,128.66,4662
329,128.5,128.59,127.63,128.05,4047
330,129.9,130.81,128.61,128.96,1830
331,128.48,128.84,127.49,128.13,4087
332,129.22,130.72,128.76,129.98,2113
333,130.13,130.62,129.13,129.69,1311
334,129.91,131.05,129.5,130.87,3954
335,130.37,130.65,129.48,130.25,2522
336,131.91,132.82,131.33,131.93,2376
337,132.57,132.89,131.36,131.56,1311
338,133.27,134.11,132.34,133.77,3874
339,135.48,135.52,134.55,135.31,2835
340,137.01,137.47,135.65,135.96,2629
341,136.03,136.92,134.98,135.61,1551
342,136.24,137.14,134.38,135.29,1290
343,134.73,136.18,134.54,135.67,3516
344,135.18,136.65,134.97,136.34,1351
345,135.51,136.27,134.55,134.93,3368
346,136.24,137.48,136.11,137.43,3541
347,137.29,138.82,137.05,138.0,2554
348,138.61,139.03,137.8,138.97,2752
349,137.44,138.36,135.82,136.37,1708
350,135.74,137.02,135.36,136.75,3368
351,136.1,136.67,136.03,136.4,4200
352,136.09,136.76,134.76,135.01,1653
353,134.37,135.15,133.91,134.08,2392
354,133.31,134.88,132.78,134.47,4344
355,135.92,136.65,135.0,136.02,2042
356,137.48,138.8,137.23,138.08,4036
357,139.19,139.21,138.09,138.89,2868
358,137.06,137.48,136.94,137.41,1915
359,138.27,139.08,136.71,137.46,3194
360,139.01,139.61,137.39,137.9,1532
361,136.59,137.27,135.43,135.66,1809
362,135.64,137.36,135.17,136.47,2514
363,137.84,139.66,137.74,138.96,3308
364,139.98,141.13,139.36,140.77,1243
365,141.57,142.42,141.3,141.91,3199
366,143.59,143.62,143.07,143.55,3453
367,144.73,145.11,144.3,144.31,2488
368,143.28,143.64,142.57,142.7,2677
369,143.54,145.66,143.1,144.69,2951
370,145.67,146.18,144.64,145.57,1675
371,145.25,146.45,144.59,145.86,3897
372,146.32,147.72,145.96,147.19,2371
373,146.68,147.83,145.79,146.95,3232
374,146.23,146.99,145.3,145.68,1806
375,146.69,147.32,145.14,145.88,1758
376,147.61,149.19,146.83,148.38,4253
377,148.28,149.13,147.66,147.74,2319
378,148.83,149.45,147.02,147.88,4127
379,148.03,148.83,147.77,148.82,1263
380,149.03,150.29,148.62,150.15,1228
381,151.63,152.82,150.97,152.21,3162
382,152.7,153.98,152.56,153.82,1833
383,155.81,156.5,154.97,155.75,4576
384,153.76,154.54,153.65,154.05,2828
385,154.44,155.71,154.11,154.79,3618
386,156.53,157.19,155.55,156.75,1938
387,155.81,156.18,154.06,155.03,2122
388,155.44,156.86,155.12,156.58,1546
389,156.51,156.81,154.64,155.54,3390
390,155.15,155.79,154.38,155.13,2011
391,157.05,157.12,155.9,156.75,2199
392,156.14,156.34,154.35,155.11,2990
393,156.64,157.97,155.66,157.23,2747
394,158.6,159.62,158.12,159.26,4020
395,158.83,158.96,157.89,158.33,3059
396,158.2,159.1,157.74,158.19,3487
397,158.25,159.24,158.11,158.22,2545
398,156.5,156.76,156.48,156.72,3828
399,155.17,155.7,154.45,154.55,3491
400,156.23,157.01,154.41,155.16,4004
401,155.01,155.33,153.91,154.02,1483
402,155.72,155.89,155.5,155.58,4685
403,156.45,157.77,155.71,157.02,2103
404,158.45,158.76,157.24,157.53,4421
405,155.9,156.51,154.46,155.22,2620
406,155.07,156.0,154.13,154.92,2211
407,153.38,153.6,152.67,152.75,3604
408,154.2,154.89,153.59,154.01,4798
409,155.53,155.9,154.78,155.38,3399
410,154.2,154.66,153.92,154.18,4121
411,153.44,153.83,152.67,153.04,4592
412,153.41,155.0,152.46,154.61,4751
413,153.25,153.64,152.29,152.33,3187
414,151.33,151.92,150.79,151.28,2077
415,151.26,152.04,149.73,150.6,2380
416,150.5,151.34,150.39,150.7,3527
417,152.06,152.63,150.92,151.15,3439
418,150.09,150.46,149.86,150.28,3945
419,149.97,151.21,149.96,150.51,4299
420,150.67,151.31,149.65,150.55,3729
421,151.45,151.6,151.12,151.55,2004
422,150.85,151.1,149.37,149.65,1889
423,149.64,150.1,149.02,149.82,1589
424,148.39,148.82,146.77,147.48,4518
425,147.6,148.47,146.95,148.16,3306
426,149.53,150.59,148.93,149.87,4045
427,147.93,149.23,146.95,148.28,3787
428,148.81,150.05,148.46,149.63,1631
429,149.4,149.91,148.7,149.77,3240
430,150.79,151.57,150.16,150.58,4289
431,151.3,152.26,150.17,150.44,4830
432,151.61,151.62,150.13,150.66,1277
433,148.9,149.15,148.82,148.84,1258
434,149.33,150.33,148.93,149.67,1660
435,151.0,151.61,149.83,150.76,2482
436,149.0,149.8,148.99,149.52,4484
437,150.14,150.97,148.4,149.27,4247
438,148.15,149.48,148.09,149.19,2571
439,148.6,149.63,147.63,148.83,4156
440,149.23,151.21,148.5,150.4,3268
441,151.7,152.27,150.24,150.58,3939
442,151.75,152.72,151.09,151.58,1039
443,150.46,152.16,149.91,151.44,1389
444,152.47,153.25,152.15,152.33,3422
445,151.35,151.62,150.77,150.93,3481
446,149.97,151.15,149.23,151.12,1386
447,152.77,154.25,152.68,153.77,4887
448,154.3,155.5,153.87,154.97,1762
449,155.21,156.35,154.72,155.54,4317
450,154.18,154.86,154.05,154.21,1925
451,152.73,152.98,151.43,152.32,1311
452,153.83,155.54,153.78,154.89,1884
453,156.77,157.97,156.66,157.25,2199
454,159.22,160.1,159.05,159.83,1920
455,161.39,161.6,160.51,161.2,1127
456,161.13,161.7,160.71,160.81,4269
457,158.99,160.21,158.21,159.69,3920
458,161.13,162.03,159.2,159.95,4632
459,158.89,159.2,158.74,159.08,4824
460,158.72,159.57,158.6,159.22,2378
461,159.04,159.33,157.56,158.35,1683
462,156.87,158.73,156.2,157.94,4188
463,157.08,157.29,156.42,156.95,1367
464,156.72,157.8,156.24,157.25,4304
465,158.72,159.82,158.66,159.8,1899
466,158.3,158.86,157.34,158.07,1279
467,157.02,157.74,155.52,156.23,1539
468,156.49,157.19,156.28,156.54,1914
469,155.82,156.64,155.04,156.23,3404
470,156.52,156.69,155.44,155.65,1620
471,153.97,154.6,152.73,152.9,1387
472,152.53,153.01,152.0,152.81,3944
473,154.79,155.34,154.72,155.3,2470
474,156.73,156.89,155.95,156.73,4436
475,155.46,155.78,153.45,154.39,1631
476,156.16,157.1,155.59,155.93,4123
477,155.43,155.67,154.91,155.66,3063
478,155.85,156.2,155.56,155.96,2260
479,154.55,155.39,154.11,154.17,3838
480,153.01,154.12,152.69,153.82,3672
481,154.01,154.04,152.25,152.82,4917
482,151.02,152.09,150.5,151.38,2505
483,149.71,150.42,149.57,149.9,4735
484,149.29,149.76,148.55,148.77,4840
485,150.14,150.81,149.02,149.99,3028
486,148.84,150.34,148.22,149.94,4322
487,148.57,149.26,148.47,148.99,4828
488,150.36,151.54,150.24,151.26,4113
489,150.36,151.28,150.21,150.37,2732
490,151.5,152.4,151.19,152.3,2717
491,153.78,154.71,153.43,153.75,2881
492,153.03,153.55,151.96,152.8,1801
493,150.9,151.88,149.64,149.84,4756
494,150.93,151.34,150.51,150.88,2634
495,151.87,151.95,151.64,151.95,1611
496,152.96,153.53,151.61,152.17,4488
497,150.19,151.01,148.81,149.35,3677
498,148.6,148.83,146.61,147.43,3050
499,147.81,147.93,146.66,147.5,4197
